                  epoch,         train/box_loss,         train/cls_loss,         train/dfl_loss,   metrics/precision(B),      metrics/recall(B),       metrics/mAP50(B),    metrics/mAP50-95(B),           val/box_loss,           val/cls_loss,           val/dfl_loss,                 lr/pg0,                 lr/pg1,                 lr/pg2
                      1,                 3.1925,                 3.8304,                 4.3302,                0.00333,                0.52381,                0.00587,                0.00146,                 3.1871,                   4.07,                 4.1588,                  2e-05,                  2e-05,                  2e-05
                      2,                 3.3202,                 3.8951,                  4.289,                0.00333,                0.52381,                0.00639,                0.00146,                 3.1866,                 4.0696,                 4.1586,               4.02e-05,               4.02e-05,               4.02e-05
                      3,                 3.0982,                 3.7876,                 4.2486,                0.00333,                0.52381,                0.00732,                0.00199,                 3.1861,                 4.0695,                 4.1585,                3.4e-05,                3.4e-05,                3.4e-05
