                  epoch,         train/box_loss,         train/cls_loss,         train/dfl_loss,   metrics/precision(B),      metrics/recall(B),       metrics/mAP50(B),    metrics/mAP50-95(B),           val/box_loss,           val/cls_loss,           val/dfl_loss,                 lr/pg0,                 lr/pg1,                 lr/pg2
                      1,                 3.5599,                 3.9184,                 4.2017,                0.00253,                 0.2598,                0.00167,                 0.0004,                 2.1713,                 21.555,                 2.7723,                  8e-05,                  8e-05,                  8e-05
                      2,                 3.6109,                 3.8514,                 4.1754,                0.00276,                0.27941,                0.00191,                0.00043,                 2.1695,                 21.695,                  2.771,             0.00014436,             0.00014436,             0.00014436
                      3,                 3.6825,                 3.8465,                 4.1755,                0.00267,                0.26961,                0.00715,                0.00147,                 2.1664,                 21.895,                 2.7685,             0.00016912,             0.00016912,             0.00016912
                      4,                  3.728,                  3.966,                 4.1852,                0.00268,                0.26961,                 0.0023,                0.00051,                 2.1632,                 22.075,                 2.7661,             0.00015428,             0.00015428,             0.00015428
                      5,                 3.6741,                 3.7435,                 4.1449,                0.00288,                0.28922,                0.00732,                0.00151,                 2.1586,                 22.342,                 2.7625,              9.984e-05,              9.984e-05,              9.984e-05
